epoch,train_loss,valid_loss,accuracy,time
0,2.015670,2.907780,0.238000,00:36
1,1.749476,1.659590,0.428000,00:36
