epoch,train_loss,valid_loss,accuracy,time
0,2.134681,2.064640,0.264000,00:36
1,2.027636,2.012490,0.298000,00:36
