epoch,train_loss,valid_loss,accuracy,time
0,2.163702,2.120553,0.252000,00:36
1,2.077478,2.070320,0.280000,00:37
