epoch,train_loss,valid_loss,accuracy,time
0,2.047021,2.219074,0.306000,00:37
1,1.814387,1.650650,0.418000,00:37
