epoch,train_loss,valid_loss,accuracy,time
0,2.497058,2.941725,0.170000,00:36
1,2.241346,2.138760,0.222000,00:36
