epoch,train_loss,valid_loss,accuracy,time
0,1.706055,1.591462,0.568000,00:36
1,1.445006,1.249794,0.696000,00:37
