epoch,train_loss,valid_loss,accuracy,time
0,1.598609,3.911532,0.238000,00:38
1,1.238833,0.913054,0.704000,00:38
