epoch,train_loss,valid_loss,accuracy,time
0,2.345490,2.587575,0.108000,00:37
1,2.204777,2.131600,0.204000,00:37
