epoch,train_loss,valid_loss,accuracy,time
0,2.787278,2.329056,0.102000,00:36
1,2.349689,2.170142,0.182000,00:36
