epoch,train_loss,valid_loss,accuracy,time
0,0.561331,0.682153,0.523810,00:04
1,0.491764,0.642592,0.571429,00:03
2,0.451803,0.543512,0.714286,00:03
3,0.410551,0.717753,0.642857,00:03
4,0.388476,1.832145,0.476190,00:03
5,0.365875,0.855784,0.666667,00:03
6,0.340513,0.702779,0.833333,00:03
7,0.318546,0.817954,0.809524,00:03
8,0.299528,0.284650,0.904762,00:03
9,0.285169,0.452974,0.785714,00:03
10,0.272935,2.158589,0.714286,00:03
11,0.260482,0.462371,0.833333,00:03
12,0.246867,0.288093,0.928571,00:03
13,0.230925,0.448213,0.928571,00:03
14,0.216735,0.569266,0.880952,00:03
