epoch,train_loss,valid_loss,accuracy,time
0,1.551399,1.492922,0.488000,00:38
1,1.225587,0.953329,0.708000,00:38
