epoch,train_loss,valid_loss,accuracy,time
0,1.563024,2.836817,0.190000,00:03
1,1.462982,4.126604,0.236000,00:03
2,1.380654,9.524406,0.200000,00:03
3,1.369976,10.572983,0.154000,00:03
4,1.364628,8.174685,0.152000,00:03
5,1.493894,6.486293,0.212000,00:03
6,1.498670,6.440939,0.166000,00:03
7,1.422733,3.252916,0.216000,00:03
8,1.302901,3.454831,0.234000,00:03
9,1.177788,3.173826,0.204000,00:03
10,1.069800,4.520146,0.194000,00:03
11,0.979791,3.936761,0.196000,00:03
12,0.924847,3.605468,0.216000,00:03
13,0.854720,3.275765,0.202000,00:03
14,0.809753,4.441641,0.188000,00:03
15,0.775101,3.964083,0.194000,00:03
16,0.748648,3.651787,0.194000,00:03
17,0.738309,3.413385,0.200000,00:03
18,0.704108,3.557726,0.198000,00:03
19,0.702601,3.633614,0.204000,00:03
