epoch,train_loss,valid_loss,accuracy,time
0,2.271456,5.195182,0.184000,00:38
1,2.017090,1.779318,0.452000,00:38
