epoch,train_loss,valid_loss,accuracy,time
0,2.099808,2.106459,0.240000,00:07
1,1.941760,1.716548,0.394000,00:10
2,1.787974,1.761045,0.360000,00:12
3,1.661362,1.847742,0.370000,00:08
4,1.560014,1.906866,0.384000,00:09
5,1.479911,1.820442,0.428000,00:10
6,1.391172,1.134758,0.628000,00:08
7,1.311515,1.429081,0.570000,00:09
8,1.235969,1.458674,0.526000,00:10
9,1.168259,1.022710,0.690000,00:08
10,1.096828,0.944594,0.662000,00:07
11,1.022911,1.046823,0.670000,00:08
12,0.964252,1.127773,0.644000,00:08
13,0.891598,0.680647,0.802000,00:09
14,0.824402,0.784338,0.774000,00:09
15,0.761930,0.641596,0.806000,00:09
16,0.706879,0.588849,0.812000,00:09
17,0.658467,0.571012,0.830000,00:09
18,0.614400,0.559642,0.828000,00:10
19,0.585458,0.564822,0.824000,00:09
