epoch,train_loss,valid_loss,accuracy,time
0,2.041430,2.285547,0.135556,00:08
1,1.807974,2.287652,0.144444,00:03
