epoch,train_loss,valid_loss,accuracy,time
0,2.170460,2.124355,0.242000,00:36
1,1.926729,1.778513,0.402000,00:37
