epoch,train_loss,valid_loss,accuracy,time
0,3.116188,4.389987,0.164000,00:38
1,2.378579,2.007681,0.262000,00:38
