epoch,train_loss,valid_loss,accuracy,time
0,2.145041,2.642521,0.314000,00:38
1,1.809504,1.466684,0.508000,00:38
