epoch,train_loss,valid_loss,accuracy,time
0,1.908841,1.635478,0.480000,00:37
1,1.661536,1.546365,0.506000,00:38
