epoch,train_loss,valid_loss,accuracy,time
0,2.127362,2.070628,0.218000,00:11
1,1.999055,1.920664,0.332000,00:10
2,1.836002,2.323523,0.266000,00:10
