epoch,train_loss,valid_loss,accuracy,time
0,2.080216,2.357925,0.246000,00:36
1,1.793658,1.648072,0.398000,00:36
