epoch,train_loss,valid_loss,accuracy,time
0,1.517065,1.214403,0.614000,00:39
1,1.263777,1.195207,0.622000,00:39
2,1.124278,1.279358,0.626000,00:39
3,1.030752,1.119502,0.644000,00:39
4,0.952354,2.577376,0.376000,00:39
5,0.861705,1.670016,0.548000,00:39
6,0.791295,1.033454,0.674000,00:39
7,0.714907,0.659037,0.784000,00:39
8,0.657338,0.903731,0.752000,00:39
9,0.599744,0.872709,0.728000,00:39
10,0.546577,0.791038,0.752000,00:39
11,0.487147,0.757403,0.784000,00:39
12,0.438896,0.507754,0.854000,00:39
13,0.380815,0.469620,0.850000,00:39
14,0.336195,0.413792,0.876000,00:39
15,0.295191,0.403371,0.878000,00:39
16,0.261003,0.331010,0.908000,00:39
17,0.225568,0.321759,0.908000,00:39
18,0.201606,0.315530,0.912000,00:39
19,0.186956,0.318391,0.912000,00:39
