epoch,train_loss,valid_loss,accuracy,time
0,2.016031,1.997989,0.292000,00:24
1,1.861958,2.025240,0.296000,00:24
2,1.751312,1.958209,0.338000,00:23
3,1.654101,1.809828,0.382000,00:24
4,1.548647,1.946044,0.354000,00:24
5,1.464287,2.822849,0.244000,00:23
6,1.347634,1.726786,0.392000,00:24
7,1.247932,1.210607,0.576000,00:23
8,1.146628,1.458940,0.544000,00:24
9,1.058620,2.683514,0.368000,00:24
10,0.975468,1.223910,0.618000,00:23
11,0.893876,1.072353,0.658000,00:24
12,0.809695,0.921057,0.682000,00:24
13,0.747580,0.849592,0.716000,00:23
14,0.678755,0.754460,0.740000,00:23
15,0.608226,0.770600,0.770000,00:24
16,0.553705,0.726737,0.774000,00:23
17,0.508905,0.647653,0.780000,00:23
18,0.474450,0.624581,0.796000,00:23
19,0.451573,0.625785,0.794000,00:23
