epoch,train_loss,valid_loss,accuracy,time
0,1.643326,1.993520,0.372000,00:24
1,1.408455,1.829423,0.526000,00:24
2,1.281723,1.592906,0.488000,00:24
3,1.177009,1.202240,0.580000,00:24
4,1.074964,1.180949,0.634000,00:24
5,0.966925,0.837582,0.710000,00:24
6,0.881457,0.982393,0.706000,00:24
7,0.808010,1.213134,0.616000,00:24
8,0.739395,2.005093,0.606000,00:24
9,0.699010,1.193181,0.636000,00:24
10,0.636800,0.623094,0.796000,00:24
11,0.593144,0.767364,0.748000,00:24
12,0.540652,0.494682,0.840000,00:24
13,0.495158,0.420055,0.866000,00:24
14,0.442978,0.456875,0.872000,00:24
15,0.390199,0.324798,0.904000,00:24
16,0.347861,0.364569,0.882000,00:24
17,0.309835,0.288343,0.918000,00:24
18,0.280470,0.281102,0.922000,00:24
19,0.263272,0.278337,0.922000,00:24
