epoch,train_loss,valid_loss,accuracy,time
0,2.116468,2.752488,0.220000,00:37
1,1.925026,1.852223,0.380000,00:37
