epoch,train_loss,valid_loss,accuracy,time
0,1.585567,1.567292,0.490196,00:17
1,1.381153,2.037370,0.459384,00:16
2,1.290992,5.453107,0.299720,00:17
3,1.213176,2.333085,0.436975,00:17
4,1.135538,1.908945,0.436975,00:17
5,1.052305,2.089875,0.414566,00:17
6,0.957160,0.805782,0.759104,00:17
7,0.871626,1.072822,0.661064,00:17
8,0.806002,1.656603,0.582633,00:17
9,0.756311,1.034907,0.703081,00:17
10,0.691426,0.938050,0.700280,00:17
11,0.627946,0.877303,0.775910,00:17
12,0.571922,0.826584,0.750700,00:17
