epoch,train_loss,valid_loss,accuracy,time
0,2.189461,2.310894,0.000000,00:04
1,2.041553,2.288650,0.150000,00:03
2,1.927027,2.222285,0.225000,00:03
3,1.824862,2.131200,0.250000,00:03
4,1.729654,1.932789,0.350000,00:03
5,1.637248,1.769437,0.350000,00:03
6,1.556394,1.991563,0.400000,00:03
7,1.478242,1.495922,0.525000,00:03
8,1.405173,1.596473,0.500000,00:03
9,1.339590,2.415969,0.400000,00:03
10,1.290457,2.168279,0.450000,00:03
11,1.239126,1.584120,0.525000,00:03
12,1.186064,1.690788,0.525000,00:03
13,1.130809,1.657599,0.500000,00:03
