epoch,train_loss,valid_loss,accuracy,time
0,1.551837,2.022908,0.428000,00:38
1,1.197398,0.893262,0.720000,00:38
