epoch,train_loss,valid_loss,accuracy,time
0,2.272553,2.663746,0.192000,00:36
1,2.055771,1.919387,0.298000,00:36
