epoch,train_loss,valid_loss,accuracy,time
0,1.571231,2.210534,0.440000,00:38
1,1.231834,0.908666,0.706000,00:38
