epoch,train_loss,valid_loss,accuracy,time
0,2.380955,2.839774,0.162000,00:36
1,2.182923,2.090020,0.234000,00:36
