epoch,train_loss,valid_loss,accuracy,time
0,2.061606,2.103609,0.276000,00:24
1,1.942057,2.783062,0.308000,00:23
2,1.850976,2.411875,0.274000,00:23
3,1.780468,2.382774,0.290000,00:23
4,1.702467,2.451322,0.274000,00:24
5,1.614681,2.410139,0.284000,00:23
6,1.524492,1.853992,0.442000,00:23
7,1.445728,1.853725,0.430000,00:24
8,1.378756,1.469339,0.570000,00:23
9,1.306699,1.350474,0.648000,00:23
10,1.236931,1.727240,0.536000,00:23
11,1.179033,1.411662,0.606000,00:23
12,1.125765,1.199630,0.702000,00:23
13,1.066366,1.225672,0.698000,00:23
