epoch,train_loss,valid_loss,accuracy,time
0,1.163670,1.582242,0.280000,00:12
1,1.065601,1.152980,0.515000,00:11
2,0.992882,0.989219,0.570000,00:11
3,0.940834,1.905441,0.455000,00:11
4,0.918057,1.292236,0.550000,00:11
5,0.889329,1.121404,0.600000,00:11
6,0.840521,1.363515,0.540000,00:11
7,0.786783,0.943402,0.660000,00:11
8,0.737241,0.723260,0.760000,00:11
9,0.690050,1.182218,0.590000,00:11
10,0.643766,0.987461,0.585000,00:11
11,0.605861,0.739498,0.755000,00:11
12,0.566437,0.617351,0.825000,00:11
13,0.526104,0.510004,0.795000,00:11
14,0.488687,0.603297,0.750000,00:11
15,0.454884,0.617224,0.800000,00:11
