epoch,train_loss,valid_loss,accuracy,time
0,2.670457,nan,0.106000,00:38
1,2.316749,2.124448,0.222000,00:38
