epoch,train_loss,valid_loss,accuracy,time
0,1.999061,3.180993,0.234000,00:37
1,1.741930,1.578782,0.448000,00:37
