epoch,train_loss,valid_loss,accuracy,time
0,2.240061,2.315654,0.040000,00:03
1,2.180323,2.325130,0.060000,00:02
2,2.135587,2.378554,0.080000,00:02
3,2.104626,2.434313,0.140000,00:02
4,2.078388,2.718080,0.160000,00:02
5,2.063045,2.416602,0.040000,00:02
6,2.060073,2.672111,0.060000,00:02
7,2.040533,2.619122,0.120000,00:02
8,2.014675,3.625386,0.100000,00:02
9,1.979522,3.223728,0.180000,00:02
10,1.943762,2.215923,0.200000,00:02
11,1.909319,2.154880,0.260000,00:02
12,1.873702,1.690630,0.340000,00:02
13,1.832417,1.695575,0.360000,00:02
14,1.795150,1.919143,0.300000,00:02
15,1.756256,1.963456,0.280000,00:02
16,1.714990,1.742881,0.340000,00:02
17,1.677394,1.630710,0.380000,00:02
18,1.641956,1.621331,0.420000,00:02
19,1.608902,1.623003,0.420000,00:02
