epoch,train_loss,valid_loss,accuracy,time
0,2.208302,3.080511,0.126000,00:36
1,2.001999,1.866752,0.314000,00:36
