epoch,train_loss,valid_loss,accuracy,time
0,1.618382,2.062629,0.320000,00:19
1,1.390735,1.604121,0.548000,00:20
2,1.232909,1.511001,0.608000,00:20
3,1.124579,1.810285,0.534000,00:20
4,1.042742,1.346577,0.666000,00:19
5,0.979546,1.738697,0.584000,00:19
6,0.938188,1.531176,0.604000,00:19
7,0.890235,1.307226,0.702000,00:20
8,0.855406,1.938438,0.478000,00:20
9,0.836583,1.373962,0.696000,00:20
10,1.105975,1.491908,0.588000,00:18
11,1.232751,1.166469,0.706000,00:18
12,1.279655,1.895326,0.502000,00:18
13,1.290473,1.311168,0.672000,00:18
14,1.277245,1.299408,0.636000,00:18
15,1.255144,1.306229,0.708000,00:18
16,1.227039,1.334783,0.680000,00:18
17,1.204328,1.708487,0.554000,00:18
18,1.183116,1.086201,0.760000,00:18
19,1.149810,0.969385,0.814000,00:18
