epoch,train_loss,valid_loss,accuracy,time
0,1.535262,1.364592,0.552000,00:44
1,1.204723,0.875447,0.712000,00:36
