epoch,train_loss,valid_loss,accuracy,time
0,1.592565,1.506782,0.548000,00:39
1,1.239038,0.925866,0.706000,00:38
