epoch,train_loss,valid_loss,accuracy,time
0,2.179360,2.845565,0.132000,00:36
1,1.989006,1.863986,0.376000,00:37
