epoch,train_loss,valid_loss,accuracy,time
0,2.108664,2.343220,0.210000,00:37
1,1.858895,1.711530,0.390000,00:36
