epoch,train_loss,valid_loss,accuracy,time
0,1.696922,1.474179,0.594000,00:38
1,1.434413,1.250453,0.694000,00:38
