epoch,train_loss,valid_loss,accuracy,time
0,1.713254,2.555935,0.384000,00:38
1,1.347263,0.982243,0.698000,00:38
