epoch,train_loss,valid_loss,accuracy,time
0,0.573020,0.700318,0.500000,00:10
1,0.525526,1.033372,0.500000,00:06
2,0.491381,1.143973,0.610000,00:05
