epoch,train_loss,valid_loss,accuracy,time
0,2.076522,2.035072,0.260000,00:23
1,1.951411,1.896062,0.306000,00:23
2,1.821916,1.913005,0.368000,00:23
3,1.687339,2.256524,0.248000,00:24
4,1.583049,1.978172,0.332000,00:23
5,1.480703,1.792122,0.368000,00:24
6,1.382365,1.603208,0.432000,00:23
7,1.286616,1.447278,0.514000,00:24
8,1.204631,1.318860,0.572000,00:24
9,1.120766,1.689209,0.458000,00:24
10,1.053977,1.207950,0.596000,00:24
11,0.970456,1.571721,0.512000,00:23
12,0.895626,0.965455,0.694000,00:23
13,0.824638,1.186792,0.632000,00:24
14,0.761527,1.114187,0.656000,00:23
15,0.697652,1.027908,0.672000,00:24
16,0.639709,0.844997,0.728000,00:23
17,0.594235,0.792997,0.746000,00:24
18,0.566972,0.814185,0.736000,00:24
19,0.548871,0.794881,0.742000,00:24
