epoch,train_loss,valid_loss,accuracy,time
0,2.052933,2.055431,0.266000,00:25
1,1.920791,2.364199,0.274000,00:23
2,1.801948,1.814361,0.356000,00:24
3,1.675235,2.792602,0.250000,00:24
4,1.581051,1.830956,0.408000,00:23
5,1.476139,1.726299,0.402000,00:23
6,1.359137,2.370375,0.390000,00:23
7,1.252364,1.624259,0.488000,00:24
8,1.161852,1.542183,0.482000,00:24
9,1.081600,1.887790,0.388000,00:23
10,0.982685,1.477775,0.508000,00:23
11,0.909749,1.433955,0.590000,00:23
12,0.831770,0.898783,0.704000,00:23
13,0.751585,1.004111,0.684000,00:23
14,0.688486,0.827337,0.728000,00:24
15,0.621917,0.735034,0.762000,00:23
16,0.571661,0.807247,0.724000,00:24
17,0.521342,0.676507,0.766000,00:23
18,0.486241,0.669430,0.784000,00:23
19,0.471604,0.670241,0.784000,00:24
