epoch,train_loss,valid_loss,accuracy,time
0,1.422083,1.975211,0.334000,00:21
1,1.120159,1.669619,0.550000,00:16
2,0.913104,1.488634,0.606000,00:17
3,0.747650,1.538910,0.624000,00:29
4,0.640917,1.735662,0.612000,00:27
5,0.570009,2.319557,0.538000,00:24
6,0.513195,7.808356,0.318000,00:25
7,0.475307,2.729975,0.492000,00:24
8,0.460481,1.633606,0.590000,00:26
9,0.413054,1.573188,0.686000,00:25
10,0.809400,1.104229,0.618000,00:23
11,0.950952,1.207763,0.588000,00:24
12,1.020744,1.114380,0.640000,00:25
13,1.029577,1.348284,0.614000,00:24
14,1.031403,1.022008,0.674000,00:23
15,1.000836,1.110313,0.640000,00:24
16,0.966716,1.354832,0.644000,00:24
17,0.922135,1.184043,0.616000,00:24
18,0.887142,0.896963,0.746000,00:24
19,0.840367,1.181061,0.692000,00:25
