epoch,train_loss,valid_loss,accuracy,time
0,2.037468,2.282945,0.224000,00:37
1,1.830708,1.752006,0.390000,00:37
