epoch,train_loss,valid_loss,accuracy,time
0,1.825217,4.029244,0.262000,00:38
1,1.398840,1.008327,0.680000,00:38
