epoch,train_loss,valid_loss,accuracy,time
0,2.090094,2.022339,0.320000,00:36
1,1.929100,1.838120,0.402000,00:37
