epoch,train_loss,valid_loss,accuracy,time
0,1.773427,1.735980,0.468000,00:38
1,1.489417,1.238899,0.696000,00:38
