epoch,train_loss,valid_loss,accuracy,time
0,1.680226,6.583843,0.204000,00:38
1,1.327638,0.988696,0.678000,00:38
