epoch,train_loss,valid_loss,accuracy,time
0,1.574728,1.512115,0.352000,00:09
1,1.467149,1.220826,0.580000,00:10
2,1.351470,1.059042,0.632000,00:12
3,1.253245,0.985623,0.636000,00:13
4,1.169977,0.932321,0.676000,00:10
5,1.102064,0.891624,0.696000,00:10
6,1.044806,0.837133,0.724000,00:11
7,0.992063,0.809635,0.740000,00:12
8,0.947266,0.762195,0.744000,00:11
9,0.910351,0.761779,0.752000,00:09
10,0.873500,0.706035,0.764000,00:11
11,0.841311,0.665029,0.768000,00:13
12,0.814254,0.668303,0.772000,00:11
13,0.787774,0.639416,0.784000,00:09
14,0.767772,0.642692,0.784000,00:11
15,0.750654,0.619474,0.788000,00:13
16,0.738031,0.617843,0.788000,00:11
17,0.727896,0.610885,0.792000,00:09
18,0.720914,0.611015,0.796000,00:11
19,0.715035,0.607547,0.796000,00:12
