epoch,train_loss,valid_loss,accuracy,time
0,2.181740,2.095583,0.292000,00:19
1,2.030743,1.870391,0.364000,00:19
2,1.885098,1.714226,0.430000,00:19
3,1.747329,1.528651,0.484000,00:19
4,1.620057,1.414787,0.512000,00:19
5,1.501380,1.330940,0.568000,00:19
6,1.403520,1.155739,0.624000,00:19
7,1.322429,1.185139,0.626000,00:19
8,1.260121,1.060542,0.674000,00:18
9,1.204416,1.144340,0.642000,00:19
10,1.154259,1.024248,0.676000,00:19
11,1.105458,1.018251,0.684000,00:19
12,1.064654,0.907566,0.714000,00:19
13,1.026559,0.887456,0.738000,00:19
14,0.993747,0.864283,0.744000,00:19
15,0.968289,0.832812,0.750000,00:19
16,0.948697,0.870347,0.728000,00:18
17,0.931603,0.841156,0.738000,00:19
18,0.919199,0.842758,0.744000,00:19
19,0.916755,0.841045,0.742000,00:19
