epoch,train_loss,valid_loss,accuracy,time
0,1.990497,1.804530,0.458000,00:38
1,1.815250,1.711121,0.506000,00:38
