epoch,train_loss,valid_loss,accuracy,time
0,1.934130,1.692071,0.484000,00:26
1,1.597802,1.463109,0.502000,00:23
2,1.332271,1.312964,0.560000,00:20
