epoch,train_loss,valid_loss,accuracy,time
0,2.217423,2.303485,0.100000,00:01
1,2.242644,2.303497,0.140000,00:01
2,2.278154,2.303576,0.148000,00:01
3,2.268298,2.304731,0.130000,00:01
4,2.280173,2.306947,0.100000,00:01
5,2.263302,2.310227,0.072000,00:01
6,2.274076,2.316292,0.090000,00:01
7,2.283770,2.323882,0.086000,00:01
8,2.260218,2.332913,0.080000,00:01
9,2.267012,2.343677,0.088000,00:01
10,2.235399,2.364279,0.078000,00:01
11,2.220739,2.396721,0.086000,00:01
12,2.172476,2.453265,0.084000,00:01
13,2.187920,2.527255,0.088000,00:01
14,2.177034,2.630049,0.088000,00:01
