epoch,train_loss,valid_loss,accuracy,time
0,2.334152,2.302753,0.100000,00:04
1,2.319944,2.302674,0.100000,00:04
